"bioid","screen_name","name","gender","type","party"
"A000055","RobertAderholt","Robert B. Aderholt","M","rep","Republican"
"A000360","senatorlamaralexander","Lamar Alexander","M","sen","Republican"
"A000367","repjustinamash","Justin Amash","M","rep","Republican"
"A000369","MarkAmodeiNV2","Mark E. Amodei","M","rep","Republican"
"A000370","CongresswomanAdams","Alma S. Adams","F","rep","Democrat"
"A000371","reppeteaguilar","Pete Aguilar","M","rep","Democrat"
"A000372","CongressmanRickAllen","Rick W. Allen","M","rep","Republican"
"A000374","CongressmanRalphAbraham","Ralph Lee Abraham","M","rep","Republican"
"A000375","JodeyArrington","Jodey C. Arrington","M","rep","Republican"
"B000213","RepJoeBarton","Joe Barton","M","rep","Republican"
"B000490","sanfordbishop","Sanford D. Bishop, Jr.","M","rep","Democrat"
"B000575","SenatorBlunt","Roy Blunt","M","sen","Republican"
"B000755","kevinbrady","Kevin Brady","M","rep","Republican"
"B000944","SenatorSherrodBrown","Sherrod Brown","M","sen","Democrat"
"B001135","SenatorRichardBurr","Richard Burr","M","sen","Republican"
"B001227","RepRobertBrady","Robert A. Brady","M","rep","Democrat"
"B001230","senatortammybaldwin","Tammy Baldwin","F","sen","Democrat"
"B001236","JohnBoozman","John Boozman","M","sen","Republican"
"B001243","marshablackburn","Marsha Blackburn","F","rep","Republican"
"B001245","madeleine.bordallo","Madeleine Z. Bordallo","F","rep","Democrat"
"B001248","michaelcburgess","Michael C. Burgess","M","rep","Republican"
"B001250","RepRobBishop","Rob Bishop","M","rep","Republican"
"B001251","congressmangkbutterfield","G. K. Butterfield","M","rep","Democrat"
"B001257","GusBilirakis","Gus M. Bilirakis","M","rep","Republican"
"B001260","CongressmanBuchanan","Vern Buchanan","M","rep","Republican"
"B001261","johnbarrasso","John Barrasso","M","sen","Republican"
"B001267","senbennetco","Michael F. Bennet","M","sen","Democrat"
"B001269","CongressmanLouBarletta","Lou Barletta","M","rep","Republican"
"B001270","RepKarenBass","Karen Bass","F","rep","Democrat"
"B001273","DianeBlackTN06","Diane Black","F","rep","Republican"
"B001274","RepMoBrooks","Mo Brooks","M","rep","Republican"
"B001275","RepLarryBucshon","Larry Bucshon","M","rep","Republican"
"B001277","SenBlumenthal","Richard Blumenthal","M","sen","Democrat"
"B001278","congresswomanbonamici","Suzanne Bonamici","F","rep","Democrat"
"B001281","RepJoyceBeatty","Joyce Beatty","F","rep","Democrat"
"B001282","RepAndyBarr","Andy Barr","M","rep","Republican"
"B001283","CongressmanJimBridenstine","Jim Bridenstine","M","rep","Republican"
"B001284","congresswomansusanwbrooks","Susan W. Brooks","F","rep","Republican"
"B001285","RepJuliaBrownley","Julia Brownley","F","rep","Democrat"
"B001286","RepCheri","Cheri Bustos","F","rep","Democrat"
"B001287","RepAmiBera","Ami Bera","M","rep","Democrat"
"B001289","RepByrne","Bradley Byrne","M","rep","Republican"
"B001290","RepDaveBrat","Dave Brat","M","rep","Republican"
"B001291","RepBrianBabin","Brian Babin","M","rep","Republican"
"B001292","repdonbeyer","Donald S. Beyer, Jr.","M","rep","Democrat"
"B001293","RepMikeBishop","Mike Bishop","M","rep","Republican"
"B001294","congressmanrodblum","Rod Blum","M","rep","Republican"
"B001295","RepBost","Mike Bost","M","rep","Republican"
"B001296","CongressmanBoyle","Brendan F. Boyle","M","rep","Democrat"
"B001297","repkenbuck","Ken Buck","M","rep","Republican"
"B001298","RepDonBacon","Don Bacon","M","rep","Republican"
"B001299","RepJimBanks","Jim Banks","M","rep","Republican"
"B001300","CongresswomanBarragan","Nanette Diaz Barragán","F","rep","Democrat"
"B001301","RepJackBergman","Jack Bergman","M","rep","Republican"
"B001302","RepAndyBiggs","Andy Biggs","M","rep","Republican"
"B001303","Rep.BluntRochester","Lisa Blunt Rochester","F","rep","Democrat"
"B001304","RepAnthonyBrown","Anthony G. Brown","M","rep","Democrat"
"B001305","RepTedBudd","Ted Budd","M","rep","Republican"
"C000059","70063393423","Ken Calvert","M","rep","Republican"
"C000127","senatorcantwell","Maria Cantwell","F","sen","Democrat"
"C000141","senatorbencardin","Benjamin L. Cardin","M","sen","Democrat"
"C000174","tomcarper","Thomas R. Carper","M","sen","Democrat"
"C000266","RepSteveChabot","Steve Chabot","M","rep","Republican"
"C000537","jameseclyburn","James E. Clyburn","M","rep","Democrat"
"C000754","JimCooper","Jim Cooper","M","rep","Democrat"
"C000880","mikecrapo","Mike Crapo","M","sen","Republican"
"C000984","elijahcummings","Elijah E. Cummings","M","rep","Democrat"
"C001035","susancollins","Susan M. Collins","F","sen","Republican"
"C001037","RepMichaelCapuano","Michael E. Capuano","M","rep","Democrat"
"C001038","repjoecrowley","Joseph Crowley","M","rep","Democrat"
"C001047","senshelley","Shelley Moore Capito","F","sen","Republican"
"C001048","CongressmanCulberson","John Abney Culberson","M","rep","Republican"
"C001049","109135405838588","Wm. Lacy Clay","M","rep","Democrat"
"C001051","judgecarter","John R. Carter","M","rep","Republican"
"C001053","TomColeOK04","Tom Cole","M","rep","Republican"
"C001056","sen.johncornyn","John Cornyn","M","sen","Republican"
"C001059","RepJimCosta","Jim Costa","M","rep","Democrat"
"C001061","emanuelcleaverii","Emanuel Cleaver","M","rep","Democrat"
"C001062","mike.conaway","K. Michael Conaway","M","rep","Republican"
"C001063","152569121550","Henry Cuellar","M","rep","Democrat"
"C001066","USRepKathyCastor","Kathy Castor","F","rep","Democrat"
"C001067","repyvettedclarke","Yvette D. Clarke","F","rep","Democrat"
"C001068","CongressmanSteveCohen","Steve Cohen","M","rep","Democrat"
"C001069","joecourtney","Joe Courtney","M","rep","Democrat"
"C001070","SenatorBobCasey","Robert P. Casey, Jr.","M","sen","Democrat"
"C001071","bobcorker","Bob Corker","M","sen","Republican"
"C001072","CongressmanAndreCarson","André Carson","M","rep","Democrat"
"C001077","repmikecoffman","Mike Coffman","M","rep","Republican"
"C001078","CongressmanGerryConnolly","Gerald E. Connolly","M","rep","Democrat"
"C001080","RepJudyChu","Judy Chu","F","rep","Democrat"
"C001084","CongressmanDavidCicilline","David N. Cicilline","M","rep","Democrat"
"C001087","RepRickCrawford","Eric A. ""Rick"" Crawford","M","rep","Republican"
"C001088","senatorchriscoons","Christopher A. Coons","M","sen","Democrat"
"C001090","CongressmanMattCartwright","Matt Cartwright","M","rep","Democrat"
"C001091","326420614138023","Joaquin Castro","M","rep","Democrat"
"C001092","RepChrisCollins","Chris Collins","M","rep","Republican"
"C001093","RepresentativeDougCollins","Doug Collins","M","rep","Republican"
"C001094","RepPaulCook","Paul Cook","M","rep","Republican"
"C001095","SenatorTomCotton","Tom Cotton","M","sen","Republican"
"C001096","CongressmanKevinCramer","Kevin Cramer","M","rep","Republican"
"C001097","repcardenas","Tony Cárdenas","M","rep","Democrat"
"C001098","SenatorTedCruz","Ted Cruz","M","sen","Republican"
"C001101","CongresswomanClark","Katherine M. Clark","F","rep","Democrat"
"C001103","congressmanbuddycarter","Earl L. ""Buddy"" Carter","M","rep","Republican"
"C001105","RepBarbaraComstock","Barbara Comstock","F","rep","Republican"
"C001106","CongressmanRyanCostello","Ryan A. Costello","M","rep","Republican"
"C001107","repcurbelo","Carlos Curbelo","M","rep","Republican"
"C001108","congressmancomer","James Comer","M","rep","Republican"
"C001109","replizcheney","Liz Cheney","F","rep","Republican"
"C001110","RepLouCorrea","J. Luis Correa","M","rep","Democrat"
"C001111","RepCharlieCrist","Charlie Crist","M","rep","Democrat"
"C001112","repsaludcarbajal","Salud O. Carbajal","M","rep","Democrat"
"C001113","SenatorCortezMasto","Catherine Cortez Masto","F","sen","Democrat"
"D000096","CongressmanDKDavis","Danny K. Davis","M","rep","Democrat"
"D000191","RepPeterDeFazio","Peter A. DeFazio","M","rep","Democrat"
"D000197","DianaDeGette","Diana DeGette","F","rep","Democrat"
"D000216","CongresswomanRosaDeLauro","Rosa L. DeLauro","F","rep","Democrat"
"D000399","lloyddoggett","Lloyd Doggett","M","rep","Democrat"
"D000482","usrepmikedoyle","Michael F. Doyle","M","rep","Democrat"
"D000533","CongressmanDuncan","John J. Duncan, Jr.","M","rep","Republican"
"D000563","SenatorDurbin","Richard J. Durbin","M","sen","Democrat"
"D000598","RepSusanDavis","Susan A. Davis","F","rep","Democrat"
"D000600","mdiazbalart","Mario Diaz-Balart","M","rep","Republican"
"D000604","CongressmanDent","Charles W. Dent","M","rep","Republican"
"D000607","senatordonnelly","Joe Donnelly","M","sen","Democrat"
"D000610","CongressmanTedDeutch","Theodore E. Deutch","M","rep","Democrat"
"D000612","RepJeffDenham","Jeff Denham","M","rep","Republican"
"D000614","RepSeanDuffy","Sean P. Duffy","M","rep","Republican"
"D000615","RepJeffDuncan","Jeff Duncan","M","rep","Republican"
"D000616","ScottDesJarlaisTN04","Scott DesJarlais","M","rep","Republican"
"D000617","RepDelBene","Suzan K. DelBene","F","rep","Democrat"
"D000618","SteveDainesMT","Steve Daines","M","sen","Republican"
"D000619","RepRodneyDavis","Rodney Davis","M","rep","Republican"
"D000620","congressmanjohndelaney","John K. Delaney","M","rep","Democrat"
"D000621","RepDeSantis","Ron DeSantis","M","rep","Republican"
"D000622","SenDuckworth","Tammy Duckworth","F","sen","Democrat"
"D000623","RepMarkDeSaulnier","Mark DeSaulnier","M","rep","Democrat"
"D000624","RepDebbieDingell","Debbie Dingell","F","rep","Democrat"
"D000625","RepDanDonovan","Daniel M. Donovan, Jr.","M","rep","Republican"
"D000626","CongressmanWarrenDavidson","Warren Davidson","M","rep","Republican"
"D000627","RepresentativeValDemings","Val Butler Demings","F","rep","Democrat"
"D000628","drnealdunnfl2","Neal P. Dunn","M","rep","Republican"
"E000179","RepEliotLEngel","Eliot L. Engel","M","rep","Democrat"
"E000215","RepAnnaEshoo","Anna G. Eshoo","F","rep","Democrat"
"E000285","mikeenzi","Michael B. Enzi","M","sen","Republican"
"E000288","Keith.Ellison","Keith Ellison","M","rep","Democrat"
"E000293","RepEsty","Elizabeth H. Esty","F","rep","Democrat"
"E000294","reptomemmer","Tom Emmer","M","rep","Republican"
"E000295","senjoniernst","Joni Ernst","F","sen","Republican"
"E000296","RepDwightEvans","Dwight Evans","M","rep","Democrat"
"E000297","RepEspaillat","Adriano Espaillat","M","rep","Democrat"
"E000298","RepRonEstes","Ron Estes","M","rep","Republican"
"F000062","senatorfeinstein","Dianne Feinstein","F","sen","Democrat"
"F000372","rfrelinghuysen","Rodney P. Frelinghuysen","M","rep","Republican"
"F000444","senatorjeffflake","Jeff Flake","M","sen","Republican"
"F000449","jefffortenberry","Jeff Fortenberry","M","rep","Republican"
"F000450","RepVirginiaFoxx","Virginia Foxx","F","rep","Republican"
"F000454","CongressmanBillFoster","Bill Foster","M","rep","Democrat"
"F000455","RepMarciaLFudge","Marcia L. Fudge","F","rep","Democrat"
"F000457","senatoralfranken","Al Franken","M","sen","Democrat"
"F000459","repchuck","Charles J. ""Chuck"" Fleischmann","M","rep","Republican"
"F000460","BlakeFarenthold","Blake Farenthold","M","rep","Republican"
"F000461","RepBillFlores","Bill Flores","M","rep","Republican"
"F000462","RepLoisFrankel","Lois Frankel","F","rep","Democrat"
"F000463","senatordebfischer","Deb Fischer","F","sen","Republican"
"F000464","RepJohnFaso","John J. Faso","M","rep","Republican"
"F000465","RepDrewFerguson","A. Drew Ferguson IV","M","rep","Republican"
"F000466","repbrianfitzpatrick","Brian K. Fitzpatrick","M","rep","Republican"
"G000289","BobGoodlatte","Bob Goodlatte","M","rep","Republican"
"G000359","USSenatorLindseyGraham","Lindsey Graham","M","sen","Republican"
"G000377","RepKayGranger","Kay Granger","F","rep","Republican"
"G000386","grassley","Chuck Grassley","M","sen","Republican"
"G000410","RepGeneGreen","Gene Green","M","rep","Democrat"
"G000535","RepGutierrez","Luis V. Gutiérrez","M","rep","Democrat"
"G000546","118514606128","Sam Graves","M","rep","Republican"
"G000551","Rep.Grijalva","Raúl M. Grijalva","M","rep","Democrat"
"G000552","50375006903","Louie Gohmert","M","rep","Republican"
"G000553","repalgreen","Al Green","M","rep","Democrat"
"G000555","SenKirstenGillibrand","Kirsten E. Gillibrand","F","sen","Democrat"
"G000558","CongressmanGuthrie","Brett Guthrie","M","rep","Republican"
"G000559","repgaramendi","John Garamendi","M","rep","Democrat"
"G000560","reptomgraves","Tom Graves","M","rep","Republican"
"G000562","SenCoryGardner","Cory Gardner","M","sen","Republican"
"G000563","RepBobGibbs","Bob Gibbs","M","rep","Republican"
"G000565","repgosar","Paul A. Gosar","M","rep","Republican"
"G000566","RepTreyGowdy","Trey Gowdy","M","rep","Republican"
"G000568","RepMorganGriffith","H. Morgan Griffith","M","rep","Republican"
"G000571","RepTulsiGabbard","Tulsi Gabbard","F","rep","Democrat"
"G000574","RepRubenGallego","Ruben Gallego","M","rep","Democrat"
"G000576","RepGrothman","Glenn Grothman","M","rep","Republican"
"G000577","CongressmanGarretGraves","Garret Graves","M","rep","Republican"
"G000578","CongressmanMattGaetz","Matt Gaetz","M","rep","Republican"
"G000579","RepMikeGallagher","Mike Gallagher","M","rep","Republican"
"G000580","congressman-Tom-Garrett-1835767753333490","Thomas A. Garrett, Jr.","M","rep","Republican"
"G000581","USCongressmanVicenteGonzalez","Vicente Gonzalez","M","rep","Democrat"
"G000582","RepJennifferGonzalezColon","Jenniffer González-Colón","F","rep","Republican"
"G000583","RepJoshG","Josh Gottheimer","M","rep","Democrat"
"G000585","RepJimmyGomez","Jimmy Gomez","M","rep","Democrat"
"H000324","95696782238","Alcee L. Hastings","M","rep","Democrat"
"H000338","senatororrinhatch","Orrin G. Hatch","M","sen","Republican"
"H000874","WhipHoyer","Steny H. Hoyer","M","rep","Democrat"
"H001036","RepHensarling","Jeb Hensarling","M","rep","Republican"
"H001038","RepBrianHiggins","Brian Higgins","M","rep","Democrat"
"H001041","SenDeanHeller","Dean Heller","M","sen","Republican"
"H001042","senatorhirono","Mazie K. Hirono","F","sen","Democrat"
"H001045","GreggHarper","Gregg Harper","M","rep","Republican"
"H001046","MartinHeinrich","Martin Heinrich","M","sen","Democrat"
"H001047","CongressmanJimHimes","James A. Himes","M","rep","Democrat"
"H001048","DuncanHunter","Duncan Hunter","M","rep","Republican"
"H001050","RepColleenHanabusa","Colleen Hanabusa","F","rep","Democrat"
"H001052","AndyHarrisMD","Andy Harris","M","rep","Republican"
"H001053","Congresswoman.Hartzler","Vicky Hartzler","F","rep","Republican"
"H001056","herrerabeutler","Jaime Herrera Beutler","F","rep","Republican"
"H001058","RepHuizenga","Bill Huizenga","M","rep","Republican"
"H001059","RepHultgren","Randy Hultgren","M","rep","Republican"
"H001061","SenatorJohnHoeven","John Hoeven","M","sen","Republican"
"H001064","CongressmanDennyHeck","Denny Heck","M","rep","Democrat"
"H001065","CongressmanGeorgeHolding","George Holding","M","rep","Republican"
"H001067","RepRichHudson","Richard Hudson","M","rep","Republican"
"H001068","RepHuffman","Jared Huffman","M","rep","Democrat"
"H001069","SenatorHeidiHeitkamp","Heidi Heitkamp","F","sen","Democrat"
"H001071","CongressmanJodyHice","Jody B. Hice","M","rep","Republican"
"H001072","RepFrenchHill","J. French Hill","M","rep","Republican"
"H001073","HurdOnTheHill","Will Hurd","M","rep","Republican"
"H001074","reptrey","Trey Hollingsworth","M","rep","Republican"
"H001075","SenatorKamalaHarris","Kamala D. Harris","F","sen","Democrat"
"H001076","SenatorHassan","Margaret Wood Hassan","F","sen","Democrat"
"H001077","CongressmanClayHiggins","Clay Higgins","M","rep","Republican"
"I000024","jiminhofe","James M. Inhofe","M","sen","Republican"
"I000056","darrellissa","Darrell E. Issa","M","rep","Republican"
"J000032","CongresswomanSheilaJacksonLee","Sheila Jackson Lee","F","rep","Democrat"
"J000126","CongresswomanEBJtx30","Eddie Bernice Johnson","F","rep","Democrat"
"J000174","RepSamJohnson","Sam Johnson","M","rep","Republican"
"J000255","15083070102","Walter B. Jones","M","rep","Republican"
"J000288","115356957005","Henry C. ""Hank"" Johnson, Jr.","M","rep","Democrat"
"J000289","repjimjordan","Jim Jordan","M","rep","Republican"
"J000290","replynnjenkins","Lynn Jenkins","F","rep","Republican"
"J000292","RepBillJohnson","Bill Johnson","M","rep","Republican"
"J000293","senronjohnson","Ron Johnson","M","sen","Republican"
"J000294","RepHakeemJeffries","Hakeem S. Jeffries","M","rep","Democrat"
"J000295","RepDaveJoyce","David P. Joyce","M","rep","Republican"
"J000297","RepEvanJenkins","Evan H. Jenkins","M","rep","Republican"
"J000298","RepJayapal","Pramila Jayapal","F","rep","Democrat"
"J000299","RepMikeJohnson","Mike Johnson","M","rep","Republican"
"K000009","RepresentativeMarcyKaptur","Marcy Kaptur","F","rep","Democrat"
"K000188","repronkind","Ron Kind","M","rep","Democrat"
"K000362","stevekingia","Steve King","M","rep","Republican"
"K000375","Congressman.Keating","William R. Keating","M","rep","Democrat"
"K000376","191056827594903","Mike Kelly","M","rep","Republican"
"K000378","RepKinzinger","Adam Kinzinger","M","rep","Republican"
"K000379","301936109927957","Joseph P. Kennedy III","M","rep","Democrat"
"K000380","RepDanKildee","Daniel T. Kildee","M","rep","Democrat"
"K000381","derek.kilmer","Derek Kilmer","M","rep","Democrat"
"K000382","CongresswomanAnnieKuster","Ann M. Kuster","F","rep","Democrat"
"K000383","SenatorAngusSKingJr","Angus S. King, Jr.","M","sen","Independent"
"K000384","SenatorKaine","Tim Kaine","M","sen","Democrat"
"K000385","reprobinkelly","Robin L. Kelly","F","rep","Democrat"
"K000386","RepJohnKatko","John Katko","M","rep","Republican"
"K000387","RepresentativeSteveKnight","Stephen Knight","M","rep","Republican"
"K000388","reptrentkelly","Trent Kelly","M","rep","Republican"
"K000389","RepRoKhanna","Ro Khanna","M","rep","Democrat"
"K000390","RepKihuen","Ruben J. Kihuen","M","rep","Democrat"
"K000391","congressmanraja","Raja Krishnamoorthi","M","rep","Democrat"
"K000392","RepDavidKustoff","David Kustoff","M","rep","Republican"
"K000393","JohnKennedyLouisiana","John Kennedy","M","sen","Republican"
"L000174","SenatorPatrickLeahy","Patrick J. Leahy","M","sen","Democrat"
"L000263","RepSandyLevin","Sander M. Levin","M","rep","Democrat"
"L000287","RepJohnLewis","John Lewis","M","rep","Democrat"
"L000397","zoelofgren","Zoe Lofgren","F","rep","Democrat"
"L000480","RepLowey","Nita M. Lowey","F","rep","Democrat"
"L000491","RepFrankLucas","Frank D. Lucas","M","rep","Republican"
"L000551","RepBarbaraLee","Barbara Lee","F","rep","Democrat"
"L000554","FrankLoBiondo","Frank A. LoBiondo","M","rep","Republican"
"L000557","RepJohnLarson","John B. Larson","M","rep","Democrat"
"L000559","CongressmanJimLangevin","James R. Langevin","M","rep","Democrat"
"L000560","RepRickLarsen","Rick Larsen","M","rep","Democrat"
"L000562","repstephenlynch","Stephen F. Lynch","M","rep","Democrat"
"L000563","repdanlipinski","Daniel Lipinski","M","rep","Democrat"
"L000564","CongressmanDougLamborn","Doug Lamborn","M","rep","Republican"
"L000565","DaveLoebsack","David Loebsack","M","rep","Democrat"
"L000566","boblatta","Robert E. Latta","M","rep","Republican"
"L000567","CongressmanLance","Leonard Lance","M","rep","Republican"
"L000569","BlaineLuetkemeyer","Blaine Luetkemeyer","M","rep","Republican"
"L000570","RepBenRayLujan","Ben Ray Luján","M","rep","Democrat"
"L000573","raul.r.labrador","Raúl R. Labrador","M","rep","Republican"
"L000575","SenatorLankford","James Lankford","M","sen","Republican"
"L000576","Rep.Billy.Long","Billy Long","M","rep","Republican"
"L000577","senatormikelee","Mike Lee","M","sen","Republican"
"L000578","RepLaMalfa","Doug LaMalfa","M","rep","Republican"
"L000579","RepLowenthal","Alan S. Lowenthal","M","rep","Democrat"
"L000580","RepLujanGrisham","Michelle Lujan Grisham","F","rep","Democrat"
"L000581","395759603917487","Brenda L. Lawrence","F","rep","Democrat"
"L000582","RepTedLieu","Ted Lieu","M","rep","Democrat"
"L000583","reploudermilk","Barry Loudermilk","M","rep","Republican"
"L000584","repmialove","Mia B. Love","F","rep","Republican"
"L000585","replahood","Darin LaHood","M","rep","Republican"
"L000586","RepAlLawsonJr","Al Lawson, Jr.","M","rep","Democrat"
"L000587","RepJasonLewis","Jason Lewis","M","rep","Republican"
"M000087","RepCarolynMaloney","Carolyn B. Maloney","F","rep","Democrat"
"M000133","EdJMarkey","Edward J. Markey","M","sen","Democrat"
"M000303","johnmccain","John McCain","M","sen","Republican"
"M000312","RepJimMcGovern","James P. McGovern","M","rep","Democrat"
"M000355","mitchmcconnell","Mitch McConnell","M","sen","Republican"
"M000639","senatormenendez","Robert Menendez","M","sen","Democrat"
"M000934","jerrymoran","Jerry Moran","M","sen","Republican"
"M001137","gregorymeeksny05","Gregory W. Meeks","M","rep","Democrat"
"M001143","repbettymccollum","Betty McCollum","F","rep","Democrat"
"M001153","SenLisaMurkowski","Lisa Murkowski","F","sen","Republican"
"M001156","CongressmanMcHenry","Patrick T. McHenry","M","rep","Republican"
"M001157","michaeltmccaul","Michael T. McCaul","M","rep","Republican"
"M001158","RepKennyMarchant","Kenny Marchant","M","rep","Republican"
"M001159","mcmorrisrodgers","Cathy McMorris Rodgers","F","rep","Republican"
"M001160","GwenSMoore","Gwen Moore","F","rep","Democrat"
"M001163","doris.matsui","Doris O. Matsui","F","rep","Democrat"
"M001165","CongressmanKevinMcCarthy","Kevin McCarthy","M","rep","Republican"
"M001166","jerrymcnerney","Jerry McNerney","M","rep","Democrat"
"M001169","chrismurphyct","Christopher Murphy","M","sen","Democrat"
"M001170","senatormccaskill","Claire McCaskill","F","sen","Democrat"
"M001176","jeffmerkley","Jeff Merkley","M","sen","Democrat"
"M001177","81125319109","Tom McClintock","M","rep","Republican"
"M001179","CongressmanMarino","Tom Marino","M","rep","Republican"
"M001180","RepMcKinley","David B. McKinley","M","rep","Republican"
"M001181","CongressmanPatrickMeehan","Patrick Meehan","M","rep","Republican"
"M001183","JoeManchinIII","Joe Manchin, III","M","sen","Democrat"
"M001184","RepThomasMassie","Thomas Massie","M","rep","Republican"
"M001185","RepSeanMaloney","Sean Patrick Maloney","M","rep","Democrat"
"M001187","Repmarkmeadows","Mark Meadows","M","rep","Republican"
"M001188","repgracemeng","Grace Meng","F","rep","Democrat"
"M001189","RepLukeMesser","Luke Messer","M","rep","Republican"
"M001190","RepMullin","Markwayne Mullin","M","rep","Republican"
"M001193","CongressmanTomMacArthur","Thomas MacArthur","M","rep","Republican"
"M001194","RepMoolenaar","John R. Moolenaar","M","rep","Republican"
"M001195","CongressmanAlexMooney","Alexander X. Mooney","M","rep","Republican"
"M001196","CongressmanSethMoulton","Seth Moulton","M","rep","Democrat"
"M001197","RepMcSally","Martha McSally","F","rep","Republican"
"M001198","rogermarshallmd","Roger W. Marshall","M","rep","Republican"
"M001199","repbrianmast","Brian J. Mast","M","rep","Republican"
"M001200","RepMcEachin","A. Donald McEachin","M","rep","Democrat"
"M001201","reppaulmitchell","Paul Mitchell","M","rep","Republican"
"M001202","RepStephMurphy","Stephanie N. Murphy","F","rep","Democrat"
"N000002","CongressmanNadler","Jerrold Nadler","M","rep","Democrat"
"N000015","reprichardneal","Richard E. Neal","M","rep","Democrat"
"N000127","UsRepRickNolan","Richard M. Nolan","M","rep","Democrat"
"N000147","CongresswomanNorton","Eleanor Holmes Norton","F","rep","Democrat"
"N000179","RepGraceNapolitano","Grace F. Napolitano","F","rep","Democrat"
"N000188","DonaldNorcrossNJ","Donald Norcross","M","rep","Democrat"
"N000189","RepNewhouse","Dan Newhouse","M","rep","Republican"
"N000190","RepRalphNorman","Ralph Norman","M","rep","Republican"
"O000168","Rep.PeteOlson","Pete Olson","M","rep","Republican"
"O000170","betoorourketx16","Beto O’Rourke","M","rep","Democrat"
"O000171","repohalleran","Tom O’Halleran","M","rep","Democrat"
"P000034","repfrankpallone","Frank Pallone, Jr.","M","rep","Democrat"
"P000096","pascrell","Bill Pascrell, Jr.","M","rep","Democrat"
"P000197","NancyPelosi","Nancy Pelosi","F","rep","Democrat"
"P000449","senrobportman","Rob Portman","M","sen","Republican"
"P000523","RepDavidEPrice","David E. Price","M","rep","Democrat"
"P000588","RepStevePearce","Stevan Pearce","M","rep","Republican"
"P000592","106631626049851","Ted Poe","M","rep","Republican"
"P000593","RepPerlmutter","Ed Perlmutter","M","rep","Democrat"
"P000594","CongressmanErikPaulsen","Erik Paulsen","M","rep","Republican"
"P000595","SenGaryPeters","Gary C. Peters","M","sen","Democrat"
"P000597","ChelliePingree","Chellie Pingree","F","rep","Democrat"
"P000598","jaredpolis","Jared Polis","M","rep","Democrat"
"P000599","bill.posey15","Bill Posey","M","rep","Republican"
"P000601","stevenpalazzo","Steven M. Palazzo","M","rep","Republican"
"P000603","SenatorRandPaul","Rand Paul","M","sen","Republican"
"P000604","DonaldPayneJr","Donald M. Payne, Jr.","M","rep","Democrat"
"P000605","repscottperry","Scott Perry","M","rep","Republican"
"P000606","congressmanpittenger","Robert Pittenger","M","rep","Republican"
"P000607","repmarkpocan","Mark Pocan","M","rep","Democrat"
"P000608","RepScottPeters","Scott H. Peters","M","rep","Democrat"
"P000609","CongressmanGaryPalmer","Gary J. Palmer","M","rep","Republican"
"P000610","repstaceyplaskett","Stacey E. Plaskett","F","rep","Democrat"
"P000611","RepPoliquin","Bruce Poliquin","M","rep","Republican"
"P000612","SenatorDavidPerdue","David Perdue","M","sen","Republican"
"P000613","RepJimmyPanetta","Jimmy Panetta","M","rep","Democrat"
"Q000023","repmikequigley","Mike Quigley","M","rep","Democrat"
"R000122","SenJackReed","Jack Reed","M","sen","Democrat"
"R000307","SenPatRoberts","Pat Roberts","M","sen","Republican"
"R000395","CongressmanHalRogers","Harold Rogers","M","rep","Republican"
"R000409","RepRohrabacher","Dana Rohrabacher","M","rep","Republican"
"R000435","iroslehtinen","Ileana Ros-Lehtinen","F","rep","Republican"
"R000486","RepRoybalAllard","Lucille Roybal-Allard","F","rep","Democrat"
"R000487","EdRoyce","Edward R. Royce","M","rep","Republican"
"R000515","congressmanbobbyrush","Bobby L. Rush","M","rep","Democrat"
"R000570","speakerryan","Paul D. Ryan","M","rep","Republican"
"R000575","CongressmanMikeDRogers","Mike Rogers","M","rep","Republican"
"R000576","DutchRupp","C. A. Dutch Ruppersberger","M","rep","Democrat"
"R000577","timryan","Tim Ryan","M","rep","Democrat"
"R000578","repdavereichert","David G. Reichert","M","rep","Republican"
"R000580","PeterRoskam","Peter J. Roskam","M","rep","Republican"
"R000582","DrPhilRoe","David P. Roe","M","rep","Republican"
"R000583","reptomrooney","Thomas J. Rooney","M","rep","Republican"
"R000585","RepTomReed","Tom Reed","M","rep","Republican"
"R000586","repjimrenacci","James B. Renacci","M","rep","Republican"
"R000588","RepRichmond","Cedric L. Richmond","M","rep","Democrat"
"R000591","Representative.Martha.Roby","Martha Roby","F","rep","Republican"
"R000592","RepToddRokita","Todd Rokita","M","rep","Republican"
"R000593","dennis.ross.376","Dennis A. Ross","M","rep","Republican"
"R000595","SenatorMarcoRubio","Marco Rubio","M","sen","Republican"
"R000597","reptomrice","Tom Rice","M","rep","Republican"
"R000598","keithrothfus","Keith J. Rothfus","M","rep","Republican"
"R000599","CongressmanRaulRuizMD","Raul Ruiz","M","rep","Democrat"
"R000600","aumuaamata","Aumua Amata Coleman Radewagen","F","rep","Republican"
"R000601","RepRatcliffe","John Ratcliffe","M","rep","Republican"
"R000602","RepKathleenRice","Kathleen M. Rice","F","rep","Democrat"
"R000603","RepRouzer","David Rouzer","M","rep","Republican"
"R000604","reprussell","Steve Russell","M","rep","Republican"
"R000605","SenatorMikeRounds","Mike Rounds","M","sen","Republican"
"R000606","repraskin","Jamie Raskin","M","rep","Democrat"
"R000607","RepRooney","Francis Rooney","M","rep","Republican"
"R000608","RepJackyRosen","Jacky Rosen","F","rep","Democrat"
"R000609","RepRutherfordFL","John H. Rutherford","M","rep","Republican"
"S000033","senatorsanders","Bernard Sanders","M","sen","Independent"
"S000051","RepSanfordSC","Mark Sanford","M","rep","Republican"
"S000148","senschumer","Charles E. Schumer","M","sen","Democrat"
"S000185","RepBobbyScott","Robert C. ""Bobby"" Scott","M","rep","Democrat"
"S000244","RepSensenbrenner","F. James Sensenbrenner, Jr.","M","rep","Republican"
"S000248","RepJoseSerrano","José E. Serrano","M","rep","Democrat"
"S000250","petesessions","Pete Sessions","M","rep","Republican"
"S000320","RichardShelby","Richard C. Shelby","M","sen","Republican"
"S000344","63158229861","Brad Sherman","M","rep","Democrat"
"S000364","repshimkus","John Shimkus","M","rep","Republican"
"S000480","RepLouiseSlaughter","Louise McIntosh Slaughter","F","rep","Democrat"
"S000510","RepAdamSmith","Adam Smith","M","rep","Democrat"
"S000522","RepChrisSmith","Christopher H. Smith","M","rep","Republican"
"S000583","LamarSmithTX21","Lamar Smith","M","rep","Republican"
"S000770","SenatorStabenow","Debbie Stabenow","F","sen","Democrat"
"S001145","janschakowsky","Janice D. Schakowsky","F","rep","Democrat"
"S001148","96007744606","Michael K. Simpson","M","rep","Republican"
"S001150","RepAdamSchiff","Adam B. Schiff","M","rep","Democrat"
"S001154","Rep.Shuster","Bill Shuster","M","rep","Republican"
"S001156","CongresswomanLindaSanchez","Linda T. Sánchez","F","rep","Democrat"
"S001157","113303673339","David Scott","M","rep","Democrat"
"S001165","81058818750","Albio Sires","M","rep","Democrat"
"S001168","RepSarbanes","John P. Sarbanes","M","rep","Democrat"
"S001170","repsheaporter","Carol Shea-Porter","F","rep","Democrat"
"S001175","JackieSpeier","Jackie Speier","F","rep","Democrat"
"S001176","RepSteveScalise","Steve Scalise","M","rep","Republican"
"S001177","153423912663","Gregorio Kilili Camacho Sablan","M","rep","Democrat"
"S001180","repschrader","Kurt Schrader","M","rep","Democrat"
"S001181","SenatorShaheen","Jeanne Shaheen","F","sen","Democrat"
"S001183","repdavidschweikert","David Schweikert","M","rep","Republican"
"S001184","SenatorTimScott","Tim Scott","M","sen","Republican"
"S001185","RepSewell","Terri A. Sewell","F","rep","Democrat"
"S001187","116058275133542","Steve Stivers","M","rep","Republican"
"S001189","RepAustinScott","Austin Scott","M","rep","Republican"
"S001190","CongressmanBradSchneider","Bradley Scott Schneider","M","rep","Democrat"
"S001191","CongresswomanSinema","Kyrsten Sinema","F","rep","Democrat"
"S001192","RepChrisStewart","Chris Stewart","M","rep","Republican"
"S001193","CongressmanEricSwalwell","Eric Swalwell","M","rep","Democrat"
"S001194","SenBrianSchatz","Brian Schatz","M","sen","Democrat"
"S001195","repjasonsmith","Jason Smith","M","rep","Republican"
"S001196","RepEliseStefanik","Elise M. Stefanik","F","rep","Republican"
"S001197","SenatorSasse","Ben Sasse","M","sen","Republican"
"S001198","SenDanSullivan","Dan Sullivan","M","sen","Republican"
"S001199","RepSmucker","Lloyd Smucker","M","rep","Republican"
"S001200","CongressmanDarrenSoto","Darren Soto","M","rep","Democrat"
"S001201","RepTomSuozzi","Thomas R. Suozzi","M","rep","Democrat"
"S001202","SenatorLutherStrange","Luther Strange","M","sen","Republican"
"T000193","CongressmanBennieGThompson","Bennie G. Thompson","M","rep","Democrat"
"T000238","repmacthornberry","Mac Thornberry","M","rep","Republican"
"T000460","RepMikeThompson","Mike Thompson","M","rep","Democrat"
"T000461","senatortoomey","Patrick J. Toomey","M","sen","Republican"
"T000462","RepPatTiberi","Patrick J. Tiberi","M","rep","Republican"
"T000463","RepMikeTurner","Michael R. Turner","M","rep","Republican"
"T000464","senatortester","Jon Tester","M","sen","Democrat"
"T000465","RepTsongas","Niki Tsongas","F","rep","Democrat"
"T000467","CongressmanGT","Glenn Thompson","M","rep","Republican"
"T000468","CongresswomanTitus","Dina Titus","F","rep","Democrat"
"T000469","reppaultonko","Paul Tonko","M","rep","Democrat"
"T000470","CongressmanScottTipton","Scott R. Tipton","M","rep","Republican"
"T000472","RepMarkTakano","Mark Takano","M","rep","Democrat"
"T000474","RepNormaTorres","Norma J. Torres","F","rep","Democrat"
"T000475","RepDaveTrott","David A. Trott","M","rep","Republican"
"T000476","SenatorThomTillis","Thom Tillis","M","sen","Republican"
"T000477","RepScottTaylor","Scott Taylor","M","rep","Republican"
"T000478","RepClaudiaTenney","Claudia Tenney","F","rep","Republican"
"U000031","RepFredUpton","Fred Upton","M","rep","Republican"
"U000039","senatortomudall","Tom Udall","M","sen","Democrat"
"V000081","8037068318","Nydia M. Velázquez","F","rep","Democrat"
"V000108","repvisclosky","Peter J. Visclosky","M","rep","Democrat"
"V000128","chrisvanhollen","Chris Van Hollen","M","sen","Democrat"
"V000129","CongressmanDavidValadao","David G. Valadao","M","rep","Republican"
"V000130","RepJuanVargas","Juan Vargas","M","rep","Democrat"
"V000131","CongressmanMarcVeasey","Marc A. Veasey","M","rep","Democrat"
"V000132","USCongressmanFilemonVela","Filemon Vela","M","rep","Democrat"
"W000187","MaxineWaters","Maxine Waters","F","rep","Democrat"
"W000437","SenatorWicker","Roger F. Wicker","M","sen","Republican"
"W000791","repgregwalden","Greg Walden","M","rep","Republican"
"W000795","JoeWilson","Joe Wilson","M","rep","Republican"
"W000797","RepDWS","Debbie Wasserman Schultz","F","rep","Democrat"
"W000798","RepWalberg","Tim Walberg","M","rep","Republican"
"W000800","PeterWelch","Peter Welch","M","rep","Democrat"
"W000802","SenatorWhitehouse","Sheldon Whitehouse","M","sen","Democrat"
"W000804","RepRobWittman","Robert J. Wittman","M","rep","Republican"
"W000805","MarkRWarner","Mark R. Warner","M","sen","Democrat"
"W000806","RepWebster","Daniel Webster","M","rep","Republican"
"W000808","RepWilson","Frederica S. Wilson","F","rep","Democrat"
"W000809","RepSteveWomack","Steve Womack","M","rep","Republican"
"W000810","RepRobWoodall","Rob Woodall","M","rep","Republican"
"W000812","RepAnnWagner","Ann Wagner","F","rep","Republican"
"W000813","RepJackieWalorski","Jackie Walorski","F","rep","Republican"
"W000814","TXRandy14","Randy K. Weber, Sr.","M","rep","Republican"
"W000815","RepBradWenstrup","Brad R. Wenstrup","M","rep","Republican"
"W000816","RepRogerWilliams","Roger Williams","M","rep","Republican"
"W000817","senatorelizabethwarren","Elizabeth Warren","F","sen","Democrat"
"W000819","RepMarkWalker","Mark Walker","M","rep","Republican"
"W000820","RepMimiWalters","Mimi Walters","F","rep","Republican"
"W000821","RepWesterman","Bruce Westerman","M","rep","Republican"
"W000822","RepBonnie","Bonnie Watson Coleman","F","rep","Democrat"
"Y000033","RepDonYoung","Don Young","M","rep","Republican"
"Y000062","214258646163","John A. Yarmuth","M","rep","Democrat"
"Y000063","CongressmanKevinYoder","Kevin Yoder","M","rep","Republican"
"Y000064","SenatorToddYoung","Todd Young","M","sen","Republican"
"Y000065","CongressmanTedYoho","Ted S. Yoho","M","rep","Republican"
"Y000066","RepDavidYoung","David Young","M","rep","Republican"
"Z000017","RepLeeZeldin","Lee M. Zeldin","M","rep","Republican"
